<?xml version="1.0" encoding="UTF-8"?>
<archetype-descriptor xsi:schemaLocation="http://maven.apache.org/plugins/maven-archetype-plugin/archetype-descriptor/1.0.0 http://maven.apache.org/xsd/archetype-descriptor-1.0.0.xsd" name="foweb"
    xmlns="http://maven.apache.org/plugins/maven-archetype-plugin/archetype-descriptor/1.0.0"
    xmlns:xsi="http://www.w3.org/2001/XMLSchema-instance">
  <fileSets>
    <fileSet filtered="true" encoding="UTF-8">
      <directory>.idea</directory>
      <includes>
        <include>**/*.xml</include>
      </includes>
    </fileSet>
    <fileSet filtered="true" encoding="UTF-8">
      <directory>.idea/scopes</directory>
      <includes>
        <include>**/*.xml</include>
      </includes>
    </fileSet>
    <fileSet filtered="true" encoding="UTF-8">
      <directory>.idea/artifacts</directory>
      <includes>
        <include>**/*.xml</include>
      </includes>
    </fileSet>
    <fileSet filtered="true" encoding="UTF-8">
      <directory>.idea/libraries</directory>
      <includes>
        <include>**/*.xml</include>
      </includes>
    </fileSet>
    <fileSet encoding="UTF-8">
      <directory></directory>
      <includes>
        <include>.gitignore</include>
        <include>database.sql</include>
        <include>foweb.iml</include>
        <include>LICENSE</include>
        <include>README.md</include>
      </includes>
    </fileSet>
  </fileSets>
  <modules>
    <module id="${rootArtifactId}-module" dir="__rootArtifactId__-module" name="${rootArtifactId}-module">
      <fileSets>
        <fileSet encoding="UTF-8">
          <directory></directory>
          <includes>
            <include>foweb-module.iml</include>
          </includes>
        </fileSet>
      </fileSets>
      <modules>
        <module id="${rootArtifactId}-module-common" dir="__rootArtifactId__-module-common" name="${rootArtifactId}-module-common">
          <fileSets>
            <fileSet filtered="true" packaged="true" encoding="UTF-8">
              <directory>src/main/java</directory>
              <includes>
                <include>**/*.java</include>
              </includes>
            </fileSet>
            <fileSet filtered="true" encoding="UTF-8">
              <directory>src/main/resources</directory>
              <includes>
                <include>**/*.xml</include>
                <include>**/*.properties</include>
              </includes>
            </fileSet>
            <fileSet filtered="true" packaged="true" encoding="UTF-8">
              <directory>src/test/java</directory>
              <includes>
                <include>**/*.java</include>
              </includes>
            </fileSet>
            <fileSet filtered="true" encoding="UTF-8">
              <directory>src/test/resources</directory>
              <includes>
                <include>**/*.txt</include>
              </includes>
            </fileSet>
            <fileSet encoding="UTF-8">
              <directory></directory>
              <includes>
                <include>foweb-module-common.iml</include>
              </includes>
            </fileSet>
          </fileSets>
        </module>
        <module id="${rootArtifactId}-module-model" dir="__rootArtifactId__-module-model" name="${rootArtifactId}-module-model">
          <fileSets>
            <fileSet filtered="true" packaged="true" encoding="UTF-8">
              <directory>src/main/java</directory>
              <includes>
                <include>**/*.java</include>
              </includes>
            </fileSet>
            <fileSet filtered="true" encoding="UTF-8">
              <directory>src/main/resources</directory>
              <includes>
                <include>**/*.txt</include>
              </includes>
            </fileSet>
            <fileSet filtered="true" packaged="true" encoding="UTF-8">
              <directory>src/test/java</directory>
              <includes>
                <include>**/*.java</include>
              </includes>
            </fileSet>
            <fileSet filtered="true" encoding="UTF-8">
              <directory>src/test/resources</directory>
              <includes>
                <include>**/*.txt</include>
              </includes>
            </fileSet>
            <fileSet encoding="UTF-8">
              <directory></directory>
              <includes>
                <include>foweb-module-model.iml</include>
              </includes>
            </fileSet>
          </fileSets>
        </module>
        <module id="${rootArtifactId}-module-dao" dir="__rootArtifactId__-module-dao" name="${rootArtifactId}-module-dao">
          <fileSets>
            <fileSet filtered="true" packaged="true" encoding="UTF-8">
              <directory>src/main/java</directory>
              <includes>
                <include>**/*.java</include>
              </includes>
            </fileSet>
            <fileSet filtered="true" encoding="UTF-8">
              <directory>src/main/resources</directory>
              <includes>
                <include>**/*.xml</include>
                <include>**/*.txt</include>
              </includes>
            </fileSet>
            <fileSet filtered="true" packaged="true" encoding="UTF-8">
              <directory>src/test/java</directory>
              <includes>
                <include>**/*.java</include>
              </includes>
            </fileSet>
            <fileSet filtered="true" encoding="UTF-8">
              <directory>src/test/resources</directory>
              <includes>
                <include>**/*.txt</include>
              </includes>
            </fileSet>
            <fileSet encoding="UTF-8">
              <directory></directory>
              <includes>
                <include>foweb-module-dao.iml</include>
              </includes>
            </fileSet>
          </fileSets>
        </module>
        <module id="${rootArtifactId}-module-service" dir="__rootArtifactId__-module-service" name="${rootArtifactId}-module-service">
          <fileSets>
            <fileSet filtered="true" packaged="true" encoding="UTF-8">
              <directory>src/main/java</directory>
              <includes>
                <include>**/*.java</include>
              </includes>
            </fileSet>
            <fileSet filtered="true" encoding="UTF-8">
              <directory>src/main/resources</directory>
              <includes>
                <include>**/*.txt</include>
              </includes>
            </fileSet>
            <fileSet filtered="true" packaged="true" encoding="UTF-8">
              <directory>src/test/java</directory>
              <includes>
                <include>**/*.java</include>
              </includes>
            </fileSet>
            <fileSet filtered="true" encoding="UTF-8">
              <directory>src/test/resources</directory>
              <includes>
                <include>**/*.txt</include>
              </includes>
            </fileSet>
            <fileSet encoding="UTF-8">
              <directory></directory>
              <includes>
                <include>foweb-module-service.iml</include>
              </includes>
            </fileSet>
          </fileSets>
        </module>
        <module id="${rootArtifactId}-module-controller" dir="__rootArtifactId__-module-controller" name="${rootArtifactId}-module-controller">
          <fileSets>
            <fileSet filtered="true" packaged="true" encoding="UTF-8">
              <directory>src/main/java</directory>
              <includes>
                <include>**/*.java</include>
              </includes>
            </fileSet>
            <fileSet filtered="true" encoding="UTF-8">
              <directory>src/main/resources</directory>
              <includes>
                <include>**/*.txt</include>
              </includes>
            </fileSet>
            <fileSet filtered="true" packaged="true" encoding="UTF-8">
              <directory>src/test/java</directory>
              <includes>
                <include>**/*.java</include>
              </includes>
            </fileSet>
            <fileSet filtered="true" encoding="UTF-8">
              <directory>src/test/resources</directory>
              <includes>
                <include>**/*.txt</include>
              </includes>
            </fileSet>
            <fileSet encoding="UTF-8">
              <directory></directory>
              <includes>
                <include>foweb-module-controller.iml</include>
              </includes>
            </fileSet>
          </fileSets>
        </module>
      </modules>
    </module>
    <module id="${rootArtifactId}-web" dir="__rootArtifactId__-web" name="${rootArtifactId}-web">
      <fileSets>
        <fileSet filtered="true" encoding="UTF-8">
          <directory>src/main/webapp</directory>
          <includes>
            <include>**/*.xml</include>
            <include>**/*.html</include>
          </includes>
        </fileSet>
        <fileSet filtered="true" encoding="UTF-8">
          <directory>src/main/resources</directory>
          <includes>
            <include>**/*.xml</include>
            <include>**/*.properties</include>
          </includes>
        </fileSet>
        <fileSet encoding="UTF-8">
          <directory></directory>
          <includes>
            <include>foweb-web.iml</include>
          </includes>
        </fileSet>
      </fileSets>
    </module>
  </modules>
</archetype-descriptor>
